{
  "model_dir": "/Users/silv/cl/tlp/montyneg/ds4/gguf/DeepSeek-V4-Flash",
  "layer": 0,
  "n_experts": 32,
  "rows": 128,
  "codec": "p8_m4",
  "results": {
    "mean": {
      "cos_sim_mean": 0.9608606696128845,
      "cos_sim_min": 0.9548523426055908,
      "rel_l2_mean": 0.278064101934433,
      "rel_l2_p95": 0.2856007516384125,
      "rel_l2_max": 0.29819682240486145,
      "elapsed_s": 0.6499907970428467
    },
    "percentile_mid": {
      "cos_sim_mean": 0.960068941116333,
      "cos_sim_min": 0.9545761346817017,
      "rel_l2_mean": 0.28051790595054626,
      "rel_l2_p95": 0.28907838463783264,
      "rel_l2_max": 0.3010878562927246,
      "elapsed_s": 0.6426680088043213
    }
  },
  "delta_rel_L2_pct": 0.8824598353554763,
  "winner": "tie"
}