{
  "layer": 0,
  "kind": "down",
  "k": 256,
  "max_iter": 15,
  "seed": 42,
  "n_pairs": 33554432,
  "tensor_shape": [
    256,
    128,
    2048
  ],
  "rel_l2": 0.019462455064058304,
  "cos_sim": 0.9999895095825195,
  "mse": 2.3947254135237017e-07,
  "storage": {
    "vq_code_bytes": 33554432,
    "vq_codebook_bytes": 2048,
    "vq_total_bytes": 33556480,
    "polar_code_bytes_p32_m8": 67108864,
    "polar_levels_bytes_m8": 1048576,
    "polar_total_bytes_p32_m8": 68157440,
    "vq_vs_polar_ratio": 0.4923
  },
  "wall_sec": 19.37520170211792
}