{
  "model_dir": "/Users/silv/cl/tlp/montyneg/ds4/gguf/DeepSeek-V4-Flash",
  "layer": 0,
  "n_experts": 32,
  "rows": 128,
  "phase_bins": 128,
  "total_samples": 8388608,
  "entropy_bits": 5.50791269410125,
  "uniform_entropy_bits": 7.0,
  "entropy_ratio": 0.7868446705858929,
  "chi_square": 21247466.633605957,
  "chi_square_threshold_p01": 174.81213235152768,
  "top_8_mass": 0.37027764320373535,
  "top_32_mass": 0.7852412462234497,
  "histogram": [
    546045,
    0,
    3041,
    69238,
    0,
    90906,
    0,
    130837,
    0,
    205050,
    0,
    0,
    99033,
    62164,
    0,
    0,
    318869,
    0,
    0,
    62411,
    99519,
    0,
    0,
    205115,
    0,
    131380,
    0,
    90698,
    0,
    69263,
    3036,
    0,
    428904,
    0,
    3135,
    69445,
    0,
    90777,
    0,
    131812,
    0,
    205277,
    0,
    0,
    99966,
    62852,
    0,
    0,
    318941,
    0,
    0,
    62251,
    98808,
    0,
    0,
    204901,
    0,
    130562,
    0,
    90488,
    0,
    69182,
    3194,
    0,
    428336,
    0,
    2976,
    69026,
    0,
    90471,
    0,
    130912,
    0,
    204929,
    0,
    0,
    99157,
    62088,
    0,
    0,
    318713,
    0,
    0,
    62345,
    99135,
    0,
    0,
    205102,
    0,
    130525,
    0,
    90345,
    0,
    69138,
    3056,
    0,
    428399,
    0,
    3060,
    69085,
    0,
    90656,
    0,
    130385,
    0,
    204843,
    0,
    0,
    99339,
    62011,
    0,
    0,
    317907,
    0,
    0,
    62619,
    99559,
    0,
    0,
    204209,
    0,
    130612,
    0,
    90911,
    0,
    68722,
    2937,
    0
  ],
  "verdict": "SIGNIFICANTLY NON-UNIFORM \u2014 non-uniform codebook could save 21% storage"
}