{
  "model_dir": "/Users/silv/cl/tlp/montyneg/ds4/gguf/DeepSeek-V4-Flash",
  "layer": 0,
  "n_experts": 32,
  "rows": 128,
  "mag_levels": 4,
  "results": [
    {
      "code_count": 8,
      "bits_per_pair": 5.0,
      "uniform_cos_mean": 0.9608606696128845,
      "learned_cos_mean": 0.9608582258224487,
      "uniform_rel_L2_mean": 0.278064101934433,
      "learned_rel_L2_mean": 0.2780727446079254,
      "delta_rel_L2_pct": 0.0031081584747880697,
      "uniform_rel_L2_p95": 0.2856007516384125,
      "learned_rel_L2_p95": 0.2855808138847351,
      "kmeans_time_s": 0.012366294860839844,
      "encode_time_s": 1.5127077102661133,
      "codebook_angles_deg": [
        -179.86303000613793,
        -134.9830888399393,
        -89.79066641631063,
        -44.992191488485965,
        -0.01390402805407979,
        45.05009497824294,
        89.77274727747519,
        135.04907962779913
      ]
    },
    {
      "code_count": 16,
      "bits_per_pair": 6.0,
      "uniform_cos_mean": 0.9790139198303223,
      "learned_cos_mean": 0.9790927767753601,
      "uniform_rel_L2_mean": 0.20380541682243347,
      "learned_rel_L2_mean": 0.20342369377613068,
      "delta_rel_L2_pct": -0.1872977912425995,
      "uniform_rel_L2_p95": 0.21348921954631805,
      "learned_rel_L2_p95": 0.21320833265781403,
      "kmeans_time_s": 0.016170024871826172,
      "encode_time_s": 1.664844036102295,
      "codebook_angles_deg": [
        -156.26728736050424,
        -134.88436664927795,
        -113.75790525691814,
        -89.87067238872338,
        -66.36141475883768,
        -44.968759640309564,
        -23.81413041325028,
        -0.03977528561333906,
        23.74487545160517,
        44.938767069490716,
        66.35766939988136,
        89.98855643198537,
        113.81713286479031,
        135.03097521642655,
        156.194393688476,
        179.93751455413744
      ]
    },
    {
      "code_count": 32,
      "bits_per_pair": 7.0,
      "uniform_cos_mean": 0.9840743541717529,
      "learned_cos_mean": 0.9841088056564331,
      "uniform_rel_L2_mean": 0.1776372343301773,
      "learned_rel_L2_mean": 0.1774463653564453,
      "delta_rel_L2_pct": -0.1074487492442131,
      "uniform_rel_L2_p95": 0.18878382444381714,
      "learned_rel_L2_p95": 0.18855084478855133,
      "kmeans_time_s": 0.022658109664916992,
      "encode_time_s": 1.9517056941986084,
      "codebook_angles_deg": [
        -168.1082645297042,
        -156.56881700192443,
        -145.14629325542714,
        -135.0,
        -124.98030220885785,
        -113.52773636149676,
        -101.7639558286809,
        -90.0108739053513,
        -78.25446632639772,
        -66.48729525102863,
        -55.05754374147274,
        -45.0,
        -34.948046805538596,
        -23.44574557472497,
        -11.690068785867917,
        0.0008656243232713984,
        11.828537138226086,
        23.455647986828808,
        34.985772448110666,
        45.0,
        55.081454696538046,
        66.59122088326733,
        78.15680486090753,
        89.98802759127379,
        101.76321723989892,
        113.49612354621543,
        124.88752260292569,
        135.0,
        145.03888206468108,
        156.44675482015083,
        168.32915706277328,
        179.9989097902538
      ]
    },
    {
      "code_count": 64,
      "bits_per_pair": 8.0,
      "uniform_cos_mean": 0.9848611950874329,
      "learned_cos_mean": 0.9851959943771362,
      "uniform_rel_L2_mean": 0.17321154475212097,
      "learned_rel_L2_mean": 0.1712934672832489,
      "delta_rel_L2_pct": -1.1073613166809082,
      "uniform_rel_L2_p95": 0.18460260331630707,
      "learned_rel_L2_p95": 0.18283671140670776,
      "kmeans_time_s": 0.0640859603881836,
      "encode_time_s": 2.518622875213623,
      "codebook_angles_deg": [
        -171.418681013661,
        -165.96375984520205,
        -161.56505333697345,
        -159.44394558716448,
        -153.43495187747538,
        -146.30992584378276,
        -143.13009962208025,
        -135.0,
        -126.86989901188171,
        -123.69007320904093,
        -116.56504812252463,
        -110.55603922398599,
        -108.43494558307904,
        -104.03624512449079,
        -98.56113863822057,
        -90.00000250447806,
        -81.27642756751413,
        -75.96375818863787,
        -71.5650457773393,
        -69.443955979536,
        -63.43494882292201,
        -56.30993720990474,
        -53.130108501325715,
        -45.0,
        -36.86989354773067,
        -33.69006847315663,
        -26.56505117707799,
        -20.556045219583467,
        -18.434950442843757,
        -14.036243467926479,
        -8.6371131181063,
        0.0,
        8.667602215390753,
        14.036243467926479,
        18.434946663026576,
        20.55604322105077,
        26.56505117707799,
        33.69007415621725,
        36.86989149867428,
        45.0,
        53.130108501325715,
        56.30993910425822,
        63.43494882292201,
        69.44395358129695,
        71.56504739726087,
        75.96375736035569,
        81.36227974156108,
        90.00000250447827,
        98.65357968370486,
        104.03624595277294,
        108.43494828294816,
        110.55604122251778,
        116.56504812252463,
        123.69006847315661,
        126.86989832886292,
        135.0,
        143.13010167113708,
        146.3099239494288,
        153.43495187747538,
        159.44394598687052,
        161.56505171705186,
        165.96375901692005,
        171.50378653934737,
        179.99999134857697
      ]
    },
    {
      "code_count": 96,
      "bits_per_pair": 8.584962500721156,
      "uniform_cos_mean": 0.9851527810096741,
      "learned_cos_mean": 0.9852198958396912,
      "uniform_rel_L2_mean": 0.17154258489608765,
      "learned_rel_L2_mean": 0.17115609347820282,
      "delta_rel_L2_pct": -0.22530348598957062,
      "uniform_rel_L2_p95": 0.18302154541015625,
      "learned_rel_L2_p95": 0.18267035484313965,
      "kmeans_time_s": 0.06221294403076172,
      "encode_time_s": 3.0696589946746826,