{
  "encoder": "vq2d_encode_mlx_vqb1.py",
  "mlx_enabled": true,
  "model_dir": "/Users/silv/cl/tlp/montyneg/ds4/gguf/DeepSeek-V4-Flash",
  "k": 256,
  "rows_per_expert": 128,
  "max_iter": 12,
  "seed": 42,
  "n_files": 3,
  "elapsed_seconds": 39.009501218795776,
  "rel_l2_mean": 0.019291779026389122,
  "files": [
    {
      "layer": 0,
      "kind": "gate",
      "rel_l2": 0.019241558387875557,
      "cos_sim": 1.0004874467849731,
      "file_size": 67110944,
      "total_sec": 14.626406908035278
    },
    {
      "layer": 0,
      "kind": "up",
      "rel_l2": 0.019064759835600853,
      "cos_sim": 1.000349760055542,
      "file_size": 67110944,
      "total_sec": 13.744446992874146
    },
    {
      "layer": 0,
      "kind": "down",
      "rel_l2": 0.019569018855690956,
      "cos_sim": 0.9999884963035583,
      "file_size": 33556512,
      "total_sec": 10.63473892211914
    }
  ]
}