{
  "label": "p05_success_forced",
  "truth_digit": "6",
  "prefix_chars": 12000,
  "total_prompt_tokens": 5077,
  "per_layer": {
    "0": {
      "p_truth": 3.3771820540096087e-07,
      "rank_truth": 7826,
      "top1_id": 90,
      "top1_token": "{",
      "top1_prob": 0.9738068580627441
    },
    "1": {
      "p_truth": 2.9301686481630895e-06,
      "rank_truth": 69985,
      "top1_id": 90,
      "top1_token": "{",
      "top1_prob": 0.26664650440216064
    },
    "2": {
      "p_truth": 1.9490519207465695e-06,
      "rank_truth": 99582,
      "top1_id": 90,
      "top1_token": "{",
      "top1_prob": 0.006309110671281815
    },
    "3": {
      "p_truth": 1.8728958366409643e-06,
      "rank_truth": 130932,
      "top1_id": 90,
      "top1_token": "{",
      "top1_prob": 0.0011167352786287665
    },
    "4": {
      "p_truth": 6.862319878564449e-06,
      "rank_truth": 35670,
      "top1_id": 254,
      "top1_token": "\ufffd",
      "top1_prob": 0.0009995012078434229
    },
    "5": {
      "p_truth": 1.8135373466066085e-05,
      "rank_truth": 8347,
      "top1_id": 254,
      "top1_token": "\ufffd",
      "top1_prob": 0.0019018963212147355
    },
    "6": {
      "p_truth": 1.577571310917847e-05,
      "rank_truth": 11170,
      "top1_id": 96397,
      "top1_token": "\u7387",
      "top1_prob": 0.0016170283779501915
    },
    "7": {
      "p_truth": 4.975630872650072e-06,
      "rank_truth": 52769,
      "top1_id": 151882,
      "top1_token": "\u0627\u0646\u0627\u062a",
      "top1_prob": 0.0013643616111949086
    },
    "8": {
      "p_truth": 4.318393621360883e-06,
      "rank_truth": 59494,
      "top1_id": 36757,
      "top1_token": "reib",
      "top1_prob": 0.0016755108954384923
    },
    "9": {
      "p_truth": 3.4607205634529237e-06,
      "rank_truth": 74281,
      "top1_id": 97602,
      "top1_token": "\u6717",
      "top1_prob": 0.0015625900123268366
    },
    "10": {
      "p_truth": 6.520737315440783e-06,
      "rank_truth": 36140,
      "top1_id": 220,
      "top1_token": " ",
      "top1_prob": 0.0020198628772050142
    },
    "11": {
      "p_truth": 6.022836714691948e-06,
      "rank_truth": 39952,
      "top1_id": 14558,
      "top1_token": "lah",
      "top1_prob": 0.0010890561388805509
    },
    "12": {
      "p_truth": 1.7870380588647095e-06,
      "rank_truth": 107648,
      "top1_id": 95909,
      "top1_token": "\u5316",
      "top1_prob": 0.0011258639860898256
    },
    "13": {
      "p_truth": 3.2202774491452146e-06,
      "rank_truth": 71953,
      "top1_id": 241318,
      "top1_token": "sz\u00e1m",
      "top1_prob": 0.0007346438360400498
    },
    "14": {
      "p_truth": 3.9801630009606015e-06,
      "rank_truth": 53669,
      "top1_id": 149547,
      "top1_token": "\u0e25\u0e31\u0e07",
      "top1_prob": 0.00216073845513165
    },
    "15": {
      "p_truth": 7.178074611147167e-06,
      "rank_truth": 30386,
      "top1_id": 176334,
      "top1_token": "entan",
      "top1_prob": 0.0012684576213359833
    },
    "16": {
      "p_truth": 6.805478278693045e-07,
      "rank_truth": 150608,
      "top1_id": 176334,
      "top1_token": "entan",
      "top1_prob": 0.004580543842166662
    },
    "17": {
      "p_truth": 1.6680311318850727e-06,
      "rank_truth": 100312,
      "top1_id": 176334,
      "top1_token": "entan",
      "top1_prob": 0.0024013363290578127
    },
    "18": {
      "p_truth": 2.0732720713567687e-06,
      "rank_truth": 69426,
      "top1_id": 194805,
      "top1_token": " .**",
      "top1_prob": 0.013888806104660034
    },
    "19": {
      "p_truth": 5.4951531637925655e-05,
      "rank_truth": 2158,
      "top1_id": 150649,
      "top1_token": "\u0633\u0627\u0646",
      "top1_prob": 0.002510343911126256
    },
    "20": {
      "p_truth": 0.0004007652460131794,
      "rank_truth": 75,
      "top1_id": 150649,
      "top1_token": "\u0633\u0627\u0646",
      "top1_prob": 0.0017870130250230432
    },
    "21": {
      "p_truth": 0.00024221632338594645,
      "rank_truth": 146,
      "top1_id": 200,
      "top1_token": "\f",
      "top1_prob": 0.00240057660266757
    },
    "22": {
      "p_truth": 3.564678627299145e-05,
      "rank_truth": 3877,
      "top1_id": 147782,
      "top1_token": "\u6c9f\u6751",
      "top1_prob": 0.0018932014936581254
    },
    "23": {
      "p_truth": 0.006408066488802433,
      "rank_truth": 0,
      "top1_id": 21,
      "top1_token": "6",
      "top1_prob": 0.006408066488802433
    },
    "24": {
      "p_truth": 0.0020977926906198263,
      "rank_truth": 1,
      "top1_id": 216095,
      "top1_token": " \ub367\ubd99\uc600\ub2e4",
      "top1_prob": 0.005523977801203728
    },
    "25": {
      "p_truth": 0.001000300864689052,
      "rank_truth": 9,
      "top1_id": 216095,
      "top1_token": " \ub367\ubd99\uc600\ub2e4",
      "top1_prob": 0.0037845312617719173
    },
    "26": {
      "p_truth": 0.004657480400055647,
      "rank_truth": 1,
      "top1_id": 32228,
      "top1_token": "something",
      "top1_prob": 0.005105426535010338
    },
    "27": {
      "p_truth": 0.07878366857767105,
      "rank_truth": 0,
      "top1_id": 21,
      "top1_token": "6",
      "top1_prob": 0.07878366857767105
    },
    "28": {
      "p_truth": 0.08129273355007172,
      "rank_truth": 0,
      "top1_id": 21,
      "top1_token": "6",
      "top1_prob": 0.08129273355007172
    },
    "29": {
      "p_truth": 0.5720100402832031,
      "rank_truth": 0,
      "top1_id": 21,
      "top1_token": "6",
      "top1_prob": 0.5720100402832031
    },
    "30": {
      "p_truth": 0.9995456337928772,
      "rank_truth": 0,
      "top1_id": 21,
      "top1_token": "6",
      "top1_prob": 0.9995456337928772
    },
    "31": {
      "p_truth": 0.9697461724281311,
      "rank_truth": 0,
      "top1_id": 21,
      "top1_token": "6",
      "top1_prob": 0.9697461724281311
    }
  },
  "digit_top1_count": 6,
  "final3_agreement": 3
}