{
  "label": "p08_forced",
  "truth_digit": "2",
  "prefix_chars": 12000,
  "total_prompt_tokens": 5885,
  "per_layer": {
    "0": {
      "p_truth": 4.466939458325214e-07,
      "rank_truth": 3443,
      "top1_id": 90,
      "top1_token": "{",
      "top1_prob": 0.9753038883209229
    },
    "1": {
      "p_truth": 1.98512316273991e-06,
      "rank_truth": 107322,
      "top1_id": 90,
      "top1_token": "{",
      "top1_prob": 0.22563137114048004
    },
    "2": {
      "p_truth": 2.5399717742402572e-06,
      "rank_truth": 81925,
      "top1_id": 90,
      "top1_token": "{",
      "top1_prob": 0.008245374076068401
    },
    "3": {
      "p_truth": 2.4673799998709e-06,
      "rank_truth": 109352,
      "top1_id": 90,
      "top1_token": "{",
      "top1_prob": 0.0011178604327142239
    },
    "4": {
      "p_truth": 5.326444352249382e-06,
      "rank_truth": 48528,
      "top1_id": 103961,
      "top1_token": "\u6d41\u884c",
      "top1_prob": 0.0007825256907381117
    },
    "5": {
      "p_truth": 1.294225421588635e-05,
      "rank_truth": 14449,
      "top1_id": 254,
      "top1_token": "\ufffd",
      "top1_prob": 0.001802995102480054
    },
    "6": {
      "p_truth": 5.385214535635896e-06,
      "rank_truth": 44991,
      "top1_id": 1424,
      "top1_token": "\u0430",
      "top1_prob": 0.0018536843126639724
    },
    "7": {
      "p_truth": 1.281327740798588e-06,
      "rank_truth": 152832,
      "top1_id": 151882,
      "top1_token": "\u0627\u0646\u0627\u062a",
      "top1_prob": 0.0022281433921307325
    },
    "8": {
      "p_truth": 1.4668977428300423e-06,
      "rank_truth": 131281,
      "top1_id": 74730,
      "top1_token": " rigor",
      "top1_prob": 0.001060516107827425
    },
    "9": {
      "p_truth": 8.382165788134444e-07,
      "rank_truth": 181259,
      "top1_id": 45467,
      "top1_token": "uner",
      "top1_prob": 0.0006429592031054199
    },
    "10": {
      "p_truth": 4.32463650668069e-07,
      "rank_truth": 213929,
      "top1_id": 149017,
      "top1_token": "\u0646\u0629",
      "top1_prob": 0.0007463584770448506
    },
    "11": {
      "p_truth": 5.546413603951805e-07,
      "rank_truth": 202869,
      "top1_id": 96770,
      "top1_token": "\u8865",
      "top1_prob": 0.0007481221109628677
    },
    "12": {
      "p_truth": 8.337113968082122e-07,
      "rank_truth": 171919,
      "top1_id": 102740,
      "top1_token": "\u7684\u7b54\u6848",
      "top1_prob": 0.0012115176068618894
    },
    "13": {
      "p_truth": 3.580638292532967e-07,
      "rank_truth": 218891,
      "top1_id": 54824,
      "top1_token": "ritz",
      "top1_prob": 0.0008454470662400126
    },
    "14": {
      "p_truth": 5.303542138790363e-07,
      "rank_truth": 184450,
      "top1_id": 103715,
      "top1_token": "\u57fa\u4e8e",
      "top1_prob": 0.002351299161091447
    },
    "15": {
      "p_truth": 7.217438451334601e-07,
      "rank_truth": 177476,
      "top1_id": 103715,
      "top1_token": "\u57fa\u4e8e",
      "top1_prob": 0.001156376674771309
    },
    "16": {
      "p_truth": 3.4196133924524474e-08,
      "rank_truth": 245974,
      "top1_id": 102740,
      "top1_token": "\u7684\u7b54\u6848",
      "top1_prob": 0.0023695321287959814
    },
    "17": {
      "p_truth": 2.416337281374581e-07,
      "rank_truth": 218009,
      "top1_id": 179928,
      "top1_token": "ulte",
      "top1_prob": 0.0034668499138206244
    },
    "18": {
      "p_truth": 1.4087595445744228e-07,
      "rank_truth": 214962,
      "top1_id": 194805,
      "top1_token": " .**",
      "top1_prob": 0.00481468066573143
    },
    "19": {
      "p_truth": 1.98395605366386e-06,
      "rank_truth": 78980,
      "top1_id": 96717,
      "top1_token": "\u826f",
      "top1_prob": 0.005277574062347412
    },
    "20": {
      "p_truth": 1.7847713024821132e-05,
      "rank_truth": 9776,
      "top1_id": 148463,
      "top1_token": "\u0e40\u0e2a",
      "top1_prob": 0.0021760049276053905
    },
    "21": {
      "p_truth": 9.919307922245935e-05,
      "rank_truth": 896,
      "top1_id": 163888,
      "top1_token": " trak",
      "top1_prob": 0.0030305227264761925
    },
    "22": {
      "p_truth": 7.590560471726349e-06,
      "rank_truth": 25377,
      "top1_id": 64040,
      "top1_token": "[]}",
      "top1_prob": 0.0029212357476353645
    },
    "23": {
      "p_truth": 0.0002730291453190148,
      "rank_truth": 153,
      "top1_id": 220929,
      "top1_token": "\u0645\u0627\u0626\u0629",
      "top1_prob": 0.0027437852695584297
    },
    "24": {
      "p_truth": 0.00024390374892391264,
      "rank_truth": 148,
      "top1_id": 216095,
      "top1_token": " \ub367\ubd99\uc600\ub2e4",
      "top1_prob": 0.004252145066857338
    },
    "25": {
      "p_truth": 0.00012928058276884258,
      "rank_truth": 536,
      "top1_id": 216095,
      "top1_token": " \ub367\ubd99\uc600\ub2e4",
      "top1_prob": 0.006380714476108551
    },
    "26": {
      "p_truth": 0.0014348869444802403,
      "rank_truth": 6,
      "top1_id": 191305,
      "top1_token": "ortable",
      "top1_prob": 0.005124871153384447
    },
    "27": {
      "p_truth": 0.0008643033797852695,
      "rank_truth": 19,
      "top1_id": 105918,
      "top1_token": "\u4e8c\u5341\u56db",
      "top1_prob": 0.006761705037206411
    },
    "28": {
      "p_truth": 0.0021865912713110447,
      "rank_truth": 6,
      "top1_id": 105918,
      "top1_token": "\u4e8c\u5341\u56db",
      "top1_prob": 0.01787148229777813
    },
    "29": {
      "p_truth": 0.17333944141864777,
      "rank_truth": 0,
      "top1_id": 17,
      "top1_token": "2",
      "top1_prob": 0.17333944141864777
    },
    "30": {
      "p_truth": 0.9981827735900879,
      "rank_truth": 0,
      "top1_id": 17,
      "top1_token": "2",
      "top1_prob": 0.9981827735900879
    },
    "31": {
      "p_truth": 0.9883743524551392,
      "rank_truth": 0,
      "top1_id": 17,
      "top1_token": "2",
      "top1_prob": 0.9883743524551392
    }
  },
  "digit_top1_count": 3,
  "final3_agreement": 3
}