{
  "label": "p07_forced",
  "truth_digit": "3",
  "prefix_chars": 12000,
  "total_prompt_tokens": 5712,
  "per_layer": {
    "0": {
      "p_truth": 3.5971257261735445e-07,
      "rank_truth": 6198,
      "top1_id": 90,
      "top1_token": "{",
      "top1_prob": 0.9741275906562805
    },
    "1": {
      "p_truth": 1.381978222525504e-06,
      "rank_truth": 134336,
      "top1_id": 90,
      "top1_token": "{",
      "top1_prob": 0.25695139169692993
    },
    "2": {
      "p_truth": 1.6692470126145054e-06,
      "rank_truth": 107818,
      "top1_id": 90,
      "top1_token": "{",
      "top1_prob": 0.007895010523498058
    },
    "3": {
      "p_truth": 6.2685057855560444e-06,
      "rank_truth": 40477,
      "top1_id": 90,
      "top1_token": "{",
      "top1_prob": 0.0012951656244695187
    },
    "4": {
      "p_truth": 1.3777881576970685e-05,
      "rank_truth": 12977,
      "top1_id": 254,
      "top1_token": "\ufffd",
      "top1_prob": 0.000957065261900425
    },
    "5": {
      "p_truth": 5.993765080347657e-05,
      "rank_truth": 782,
      "top1_id": 254,
      "top1_token": "\ufffd",
      "top1_prob": 0.002308731433004141
    },
    "6": {
      "p_truth": 2.8479513275669888e-05,
      "rank_truth": 4205,
      "top1_id": 1424,
      "top1_token": "\u0430",
      "top1_prob": 0.0014995511155575514
    },
    "7": {
      "p_truth": 4.878057552559767e-06,
      "rank_truth": 54326,
      "top1_id": 151882,
      "top1_token": "\u0627\u0646\u0627\u062a",
      "top1_prob": 0.0012627748074010015
    },
    "8": {
      "p_truth": 5.735731065215077e-06,
      "rank_truth": 42631,
      "top1_id": 74730,
      "top1_token": " rigor",
      "top1_prob": 0.0009469031356275082
    },
    "9": {
      "p_truth": 3.434419113546028e-06,
      "rank_truth": 75301,
      "top1_id": 7609,
      "top1_token": " numer",
      "top1_prob": 0.0005607589264400303
    },
    "10": {
      "p_truth": 2.448172608637833e-06,
      "rank_truth": 100560,
      "top1_id": 149017,
      "top1_token": "\u0646\u0629",
      "top1_prob": 0.0007330232765525579
    },
    "11": {
      "p_truth": 3.5686493902176153e-06,
      "rank_truth": 71657,
      "top1_id": 114356,
      "top1_token": "\u7efc\u4e0a\u6240\u8ff0",
      "top1_prob": 0.0011533317156136036
    },
    "12": {
      "p_truth": 2.161297743441537e-06,
      "rank_truth": 103821,
      "top1_id": 190008,
      "top1_token": "\u0646\u062f\u064a",
      "top1_prob": 0.001929903868585825
    },
    "13": {
      "p_truth": 4.669715508498484e-06,
      "rank_truth": 53849,
      "top1_id": 96397,
      "top1_token": "\u7387",
      "top1_prob": 0.0008828379795886576
    },
    "14": {
      "p_truth": 5.526854238269152e-06,
      "rank_truth": 43121,
      "top1_id": 149547,
      "top1_token": "\u0e25\u0e31\u0e07",
      "top1_prob": 0.0010896933963522315
    },
    "15": {
      "p_truth": 8.077026905084495e-06,
      "rank_truth": 28581,
      "top1_id": 90,
      "top1_token": "{",
      "top1_prob": 0.001861893106251955
    },
    "16": {
      "p_truth": 6.405089720828983e-07,
      "rank_truth": 183053,
      "top1_id": 33625,
      "top1_token": " numerical",
      "top1_prob": 0.0013193143531680107
    },
    "17": {
      "p_truth": 5.760874955740292e-06,
      "rank_truth": 41458,
      "top1_id": 59062,
      "top1_token": "feit",
      "top1_prob": 0.001366618787869811
    },
    "18": {
      "p_truth": 4.734590220323298e-06,
      "rank_truth": 45282,
      "top1_id": 59062,
      "top1_token": "feit",
      "top1_prob": 0.009966823272407055
    },
    "19": {
      "p_truth": 3.0986930141807534e-06,
      "rank_truth": 62096,
      "top1_id": 246115,
      "top1_token": "\u5c3d\u304f",
      "top1_prob": 0.005619029980152845
    },
    "20": {
      "p_truth": 2.693336136871949e-05,
      "rank_truth": 5508,
      "top1_id": 162542,
      "top1_token": "\u3063\u307d",
      "top1_prob": 0.0019178931834176183
    },
    "21": {
      "p_truth": 3.5664565075421706e-05,
      "rank_truth": 3548,
      "top1_id": 96546,
      "top1_token": "\u4f17",
      "top1_prob": 0.0030380026437342167
    },
    "22": {
      "p_truth": 8.094639269984327e-06,
      "rank_truth": 25716,
      "top1_id": 163888,
      "top1_token": " trak",
      "top1_prob": 0.002154134912416339
    },
    "23": {
      "p_truth": 0.0005911391926929355,
      "rank_truth": 15,
      "top1_id": 163888,
      "top1_token": " trak",
      "top1_prob": 0.002367503708228469
    },
    "24": {
      "p_truth": 0.00048201571917161345,
      "rank_truth": 14,
      "top1_id": 168069,
      "top1_token": " conm",
      "top1_prob": 0.0009256065241061151
    },
    "25": {
      "p_truth": 0.000409594620577991,
      "rank_truth": 20,
      "top1_id": 108058,
      "top1_token": "\u73a5",
      "top1_prob": 0.0016893772408366203
    },
    "26": {
      "p_truth": 0.002135392278432846,
      "rank_truth": 0,
      "top1_id": 18,
      "top1_token": "3",
      "top1_prob": 0.002135392278432846
    },
    "27": {
      "p_truth": 0.012581282295286655,
      "rank_truth": 0,
      "top1_id": 18,
      "top1_token": "3",
      "top1_prob": 0.012581282295286655
    },
    "28": {
      "p_truth": 0.005750912707298994,
      "rank_truth": 0,
      "top1_id": 18,
      "top1_token": "3",
      "top1_prob": 0.005750912707298994
    },
    "29": {
      "p_truth": 0.4973238408565521,
      "rank_truth": 0,
      "top1_id": 18,
      "top1_token": "3",
      "top1_prob": 0.4973238408565521
    },
    "30": {
      "p_truth": 0.9988677501678467,
      "rank_truth": 0,
      "top1_id": 18,
      "top1_token": "3",
      "top1_prob": 0.9988677501678467
    },
    "31": {
      "p_truth": 0.9931104183197021,
      "rank_truth": 0,
      "top1_id": 18,
      "top1_token": "3",
      "top1_prob": 0.9931104183197021
    }
  },
  "digit_top1_count": 6,
  "final3_agreement": 3
}