{
  "label": "p06_forced",
  "truth_digit": "4",
  "prefix_chars": 12000,
  "total_prompt_tokens": 6220,
  "per_layer": {
    "0": {
      "p_truth": 4.6286726274047396e-07,
      "rank_truth": 2603,
      "top1_id": 90,
      "top1_token": "{",
      "top1_prob": 0.9782860279083252
    },
    "1": {
      "p_truth": 4.9538757593836635e-06,
      "rank_truth": 35708,
      "top1_id": 90,
      "top1_token": "{",
      "top1_prob": 0.2749148905277252
    },
    "2": {
      "p_truth": 1.909769935082295e-06,
      "rank_truth": 100728,
      "top1_id": 90,
      "top1_token": "{",
      "top1_prob": 0.008560306392610073
    },
    "3": {
      "p_truth": 2.031466692642425e-06,
      "rank_truth": 122745,
      "top1_id": 90,
      "top1_token": "{",
      "top1_prob": 0.001931976992636919
    },
    "4": {
      "p_truth": 6.067953563615447e-06,
      "rank_truth": 41540,
      "top1_id": 103961,
      "top1_token": "\u6d41\u884c",
      "top1_prob": 0.0012010649079456925
    },
    "5": {
      "p_truth": 2.874690108001232e-05,
      "rank_truth": 3432,
      "top1_id": 254,
      "top1_token": "\ufffd",
      "top1_prob": 0.002552927238866687
    },
    "6": {
      "p_truth": 9.484493602940347e-06,
      "rank_truth": 22562,
      "top1_id": 96397,
      "top1_token": "\u7387",
      "top1_prob": 0.0026074638590216637
    },
    "7": {
      "p_truth": 3.621960786404088e-06,
      "rank_truth": 74567,
      "top1_id": 96215,
      "top1_token": "\u4f9b",
      "top1_prob": 0.0014054820640012622
    },
    "8": {
      "p_truth": 1.860447241597285e-06,
      "rank_truth": 117436,
      "top1_id": 74730,
      "top1_token": " rigor",
      "top1_prob": 0.0009754673228599131
    },
    "9": {
      "p_truth": 4.71736882445839e-07,
      "rank_truth": 209430,
      "top1_id": 97602,
      "top1_token": "\u6717",
      "top1_prob": 0.0008073481149040163
    },
    "10": {
      "p_truth": 3.1138119993556757e-07,
      "rank_truth": 221849,
      "top1_id": 254,
      "top1_token": "\ufffd",
      "top1_prob": 0.0010251327184960246
    },
    "11": {
      "p_truth": 1.2822820281144232e-06,
      "rank_truth": 143133,
      "top1_id": 14558,
      "top1_token": "lah",
      "top1_prob": 0.002323028165847063
    },
    "12": {
      "p_truth": 1.2793706218872103e-06,
      "rank_truth": 134054,
      "top1_id": 102740,
      "top1_token": "\u7684\u7b54\u6848",
      "top1_prob": 0.0013698686379939318
    },
    "13": {
      "p_truth": 4.194911070953822e-06,
      "rank_truth": 56890,
      "top1_id": 96397,
      "top1_token": "\u7387",
      "top1_prob": 0.0012569003738462925
    },
    "14": {
      "p_truth": 4.4654752855421975e-06,
      "rank_truth": 48179,
      "top1_id": 3966,
      "top1_token": "\u00a0",
      "top1_prob": 0.00441932724788785
    },
    "15": {
      "p_truth": 6.896032118675066e-06,
      "rank_truth": 33217,
      "top1_id": 91700,
      "top1_token": " fermented",
      "top1_prob": 0.0007963868556544185
    },
    "16": {
      "p_truth": 8.160018296621274e-07,
      "rank_truth": 155477,
      "top1_id": 179928,
      "top1_token": "ulte",
      "top1_prob": 0.0017862367676571012
    },
    "17": {
      "p_truth": 3.120351266261423e-06,
      "rank_truth": 71080,
      "top1_id": 179928,
      "top1_token": "ulte",
      "top1_prob": 0.0030833850614726543
    },
    "18": {
      "p_truth": 2.238593651782139e-06,
      "rank_truth": 77161,
      "top1_id": 59062,
      "top1_token": "feit",
      "top1_prob": 0.0043909866362810135
    },
    "19": {
      "p_truth": 8.755800081416965e-06,
      "rank_truth": 23755,
      "top1_id": 2703,
      "top1_token": "ope",
      "top1_prob": 0.003101479960605502
    },
    "20": {
      "p_truth": 2.5347362679895014e-05,
      "rank_truth": 6034,
      "top1_id": 38537,
      "top1_token": "goog",
      "top1_prob": 0.0020965132862329483
    },
    "21": {
      "p_truth": 2.0896190108032897e-05,
      "rank_truth": 8017,
      "top1_id": 164613,
      "top1_token": "\u099b\u09bf\u09b2",
      "top1_prob": 0.002470244886353612
    },
    "22": {
      "p_truth": 5.2807217798545025e-06,
      "rank_truth": 39586,
      "top1_id": 225320,
      "top1_token": "\".**",
      "top1_prob": 0.0026487039867788553
    },
    "23": {
      "p_truth": 0.05521156266331673,
      "rank_truth": 0,
      "top1_id": 19,
      "top1_token": "4",
      "top1_prob": 0.05521156266331673
    },
    "24": {
      "p_truth": 0.009716694243252277,
      "rank_truth": 0,
      "top1_id": 19,
      "top1_token": "4",
      "top1_prob": 0.009716694243252277
    },
    "25": {
      "p_truth": 0.00045604901970364153,
      "rank_truth": 34,
      "top1_id": 220929,
      "top1_token": "\u0645\u0627\u0626\u0629",
      "top1_prob": 0.011717012152075768
    },
    "26": {
      "p_truth": 0.002360096899792552,
      "rank_truth": 3,
      "top1_id": 220929,
      "top1_token": "\u0645\u0627\u0626\u0629",
      "top1_prob": 0.007371425628662109
    },
    "27": {
      "p_truth": 0.010952353477478027,
      "rank_truth": 0,
      "top1_id": 19,
      "top1_token": "4",
      "top1_prob": 0.010952353477478027
    },
    "28": {
      "p_truth": 0.24713639914989471,
      "rank_truth": 0,
      "top1_id": 19,
      "top1_token": "4",
      "top1_prob": 0.24713639914989471
    },
    "29": {
      "p_truth": 0.5437327027320862,
      "rank_truth": 0,
      "top1_id": 19,
      "top1_token": "4",
      "top1_prob": 0.5437327027320862
    },
    "30": {
      "p_truth": 0.9964058995246887,
      "rank_truth": 0,
      "top1_id": 19,
      "top1_token": "4",
      "top1_prob": 0.9964058995246887
    },
    "31": {
      "p_truth": 0.9948710203170776,
      "rank_truth": 0,
      "top1_id": 19,
      "top1_token": "4",
      "top1_prob": 0.9948710203170776
    }
  },
  "digit_top1_count": 7,
  "final3_agreement": 3
}