{
  "label": "p03_forced",
  "truth_digit": "7",
  "prefix_chars": 12000,
  "total_prompt_tokens": 4481,
  "per_layer": {
    "0": {
      "p_truth": 1.0248667194900918e-06,
      "rank_truth": 350,
      "top1_id": 90,
      "top1_token": "{",
      "top1_prob": 0.9799066185951233
    },
    "1": {
      "p_truth": 5.567093467107043e-06,
      "rank_truth": 28263,
      "top1_id": 90,
      "top1_token": "{",
      "top1_prob": 0.3029980957508087
    },
    "2": {
      "p_truth": 1.3012663657718804e-06,
      "rank_truth": 128297,
      "top1_id": 90,
      "top1_token": "{",
      "top1_prob": 0.008163988590240479
    },
    "3": {
      "p_truth": 9.219435810337018e-07,
      "rank_truth": 189354,
      "top1_id": 90,
      "top1_token": "{",
      "top1_prob": 0.0010560277150943875
    },
    "4": {
      "p_truth": 2.3948152829689207e-06,
      "rank_truth": 104513,
      "top1_id": 103961,
      "top1_token": "\u6d41\u884c",
      "top1_prob": 0.0007521193474531174
    },
    "5": {
      "p_truth": 7.954186003189534e-06,
      "rank_truth": 29549,
      "top1_id": 254,
      "top1_token": "\ufffd",
      "top1_prob": 0.0020686450880020857
    },
    "6": {
      "p_truth": 7.0030446295277216e-06,
      "rank_truth": 32906,
      "top1_id": 96397,
      "top1_token": "\u7387",
      "top1_prob": 0.0027066573966294527
    },
    "7": {
      "p_truth": 6.292375019256724e-06,
      "rank_truth": 40142,
      "top1_id": 151882,
      "top1_token": "\u0627\u0646\u0627\u062a",
      "top1_prob": 0.0015460277209058404
    },
    "8": {
      "p_truth": 5.72482122151996e-06,
      "rank_truth": 42952,
      "top1_id": 36757,
      "top1_token": "reib",
      "top1_prob": 0.001530876150354743
    },
    "9": {
      "p_truth": 7.027516062407813e-07,
      "rank_truth": 188708,
      "top1_id": 45467,
      "top1_token": "uner",
      "top1_prob": 0.001176009071059525
    },
    "10": {
      "p_truth": 1.0610709750835667e-06,
      "rank_truth": 147339,
      "top1_id": 254,
      "top1_token": "\ufffd",
      "top1_prob": 0.0013848858652636409
    },
    "11": {
      "p_truth": 2.0166023659839993e-06,
      "rank_truth": 105064,
      "top1_id": 14558,
      "top1_token": "lah",
      "top1_prob": 0.001135663827881217
    },
    "12": {
      "p_truth": 2.0459942788875196e-06,
      "rank_truth": 99361,
      "top1_id": 95909,
      "top1_token": "\u5316",
      "top1_prob": 0.0011252535041421652
    },
    "13": {
      "p_truth": 2.986799927384709e-06,
      "rank_truth": 78116,
      "top1_id": 225721,
      "top1_token": "\u0646\u062f\u0631",
      "top1_prob": 0.0006269441801123321
    },
    "14": {
      "p_truth": 6.71421503284364e-06,
      "rank_truth": 32720,
      "top1_id": 164907,
      "top1_token": "\u0627\u0631\u0642",
      "top1_prob": 0.0011604051105678082
    },
    "15": {
      "p_truth": 1.044290456775343e-05,
      "rank_truth": 20219,
      "top1_id": 105504,
      "top1_token": "\u5206\u88c2",
      "top1_prob": 0.0010343979811295867
    },
    "16": {
      "p_truth": 7.847337428756873e-07,
      "rank_truth": 157847,
      "top1_id": 78675,
      "top1_token": "isable",
      "top1_prob": 0.0015775649808347225
    },
    "17": {
      "p_truth": 8.865224003784533e-07,
      "rank_truth": 153188,
      "top1_id": 156339,
      "top1_token": "\u0627\u062a\u0628",
      "top1_prob": 0.00202202214859426
    },
    "18": {
      "p_truth": 1.9527299173205392e-06,
      "rank_truth": 81939,
      "top1_id": 59062,
      "top1_token": "feit",
      "top1_prob": 0.004765856079757214
    },
    "19": {
      "p_truth": 0.00010001433838624507,
      "rank_truth": 711,
      "top1_id": 2133,
      "top1_token": "ference",
      "top1_prob": 0.003027777886018157
    },
    "20": {
      "p_truth": 9.284740372095257e-05,
      "rank_truth": 747,
      "top1_id": 2133,
      "top1_token": "ference",
      "top1_prob": 0.003004786092787981
    },
    "21": {
      "p_truth": 0.0004909543204121292,
      "rank_truth": 26,
      "top1_id": 88883,
      "top1_token": " zg",
      "top1_prob": 0.0027418851386755705
    },
    "22": {
      "p_truth": 8.128136687446386e-05,
      "rank_truth": 886,
      "top1_id": 21112,
      "top1_token": "()}",
      "top1_prob": 0.0030950491782277822
    },
    "23": {
      "p_truth": 0.01980043388903141,
      "rank_truth": 0,
      "top1_id": 22,
      "top1_token": "7",
      "top1_prob": 0.01980043388903141
    },
    "24": {
      "p_truth": 0.009436607360839844,
      "rank_truth": 0,
      "top1_id": 22,
      "top1_token": "7",
      "top1_prob": 0.009436607360839844
    },
    "25": {
      "p_truth": 0.007652523927390575,
      "rank_truth": 0,
      "top1_id": 22,
      "top1_token": "7",
      "top1_prob": 0.007652523927390575
    },
    "26": {
      "p_truth": 0.019823115319013596,
      "rank_truth": 0,
      "top1_id": 22,
      "top1_token": "7",
      "top1_prob": 0.019823115319013596
    },
    "27": {
      "p_truth": 0.18323202431201935,
      "rank_truth": 0,
      "top1_id": 22,
      "top1_token": "7",
      "top1_prob": 0.18323202431201935
    },
    "28": {
      "p_truth": 0.0654822587966919,
      "rank_truth": 0,
      "top1_id": 22,
      "top1_token": "7",
      "top1_prob": 0.0654822587966919
    },
    "29": {
      "p_truth": 0.7568323016166687,
      "rank_truth": 0,
      "top1_id": 22,
      "top1_token": "7",
      "top1_prob": 0.7568323016166687
    },
    "30": {
      "p_truth": 0.9991313815116882,
      "rank_truth": 0,
      "top1_id": 22,
      "top1_token": "7",
      "top1_prob": 0.9991313815116882
    },
    "31": {
      "p_truth": 0.98336261510849,
      "rank_truth": 0,
      "top1_id": 22,
      "top1_token": "7",
      "top1_prob": 0.98336261510849
    }
  },
  "digit_top1_count": 9,
  "final3_agreement": 3
}