{
  "label": "p01_lock_forced",
  "truth_digit": "2",
  "prefix_chars": 12000,
  "total_prompt_tokens": 5910,
  "per_layer": {
    "0": {
      "p_truth": 6.508866476906405e-07,
      "rank_truth": 1462,
      "top1_id": 90,
      "top1_token": "{",
      "top1_prob": 0.9761505126953125
    },
    "1": {
      "p_truth": 2.8690244562312728e-06,
      "rank_truth": 68337,
      "top1_id": 90,
      "top1_token": "{",
      "top1_prob": 0.28669530153274536
    },
    "2": {
      "p_truth": 2.4294738523167325e-06,
      "rank_truth": 86168,
      "top1_id": 90,
      "top1_token": "{",
      "top1_prob": 0.00817027036100626
    },
    "3": {
      "p_truth": 2.689735993044451e-06,
      "rank_truth": 100493,
      "top1_id": 90,
      "top1_token": "{",
      "top1_prob": 0.0015705387340858579
    },
    "4": {
      "p_truth": 3.842241312668193e-06,
      "rank_truth": 69936,
      "top1_id": 254,
      "top1_token": "\ufffd",
      "top1_prob": 0.001038317452184856
    },
    "5": {
      "p_truth": 1.0512118024053052e-05,
      "rank_truth": 19804,
      "top1_id": 254,
      "top1_token": "\ufffd",
      "top1_prob": 0.0023194015957415104
    },
    "6": {
      "p_truth": 4.636483026843052e-06,
      "rank_truth": 52945,
      "top1_id": 1424,
      "top1_token": "\u0430",
      "top1_prob": 0.0014013939071446657
    },
    "7": {
      "p_truth": 9.746092928253347e-07,
      "rank_truth": 176513,
      "top1_id": 151882,
      "top1_token": "\u0627\u0646\u0627\u062a",
      "top1_prob": 0.0009470940567553043
    },
    "8": {
      "p_truth": 5.504156206370681e-07,
      "rank_truth": 199858,
      "top1_id": 36757,
      "top1_token": "reib",
      "top1_prob": 0.0006766739534214139
    },
    "9": {
      "p_truth": 6.415356210709433e-07,
      "rank_truth": 192246,
      "top1_id": 97602,
      "top1_token": "\u6717",
      "top1_prob": 0.0010011490667238832
    },
    "10": {
      "p_truth": 1.94405311049195e-06,
      "rank_truth": 106812,
      "top1_id": 2884,
      "top1_token": "{{",
      "top1_prob": 0.0007050906424410641
    },
    "11": {
      "p_truth": 8.913357874007488e-07,
      "rank_truth": 161396,
      "top1_id": 14558,
      "top1_token": "lah",
      "top1_prob": 0.0020791625138372183
    },
    "12": {
      "p_truth": 4.54785777037614e-07,
      "rank_truth": 193820,
      "top1_id": 95909,
      "top1_token": "\u5316",
      "top1_prob": 0.0017892217729240656
    },
    "13": {
      "p_truth": 2.0933785549459571e-07,
      "rank_truth": 226899,
      "top1_id": 96397,
      "top1_token": "\u7387",
      "top1_prob": 0.0011983329895883799
    },
    "14": {
      "p_truth": 3.237157386593026e-07,
      "rank_truth": 198092,
      "top1_id": 149547,
      "top1_token": "\u0e25\u0e31\u0e07",
      "top1_prob": 0.0014186929911375046
    },
    "15": {
      "p_truth": 2.3435029561369447e-06,
      "rank_truth": 84061,
      "top1_id": 162576,
      "top1_token": "\u0627\u0637\u0631",
      "top1_prob": 0.0016241364646703005
    },
    "16": {
      "p_truth": 4.700064550888783e-07,
      "rank_truth": 175173,
      "top1_id": 80566,
      "top1_token": "itized",
      "top1_prob": 0.0018447753973305225
    },
    "17": {
      "p_truth": 4.5434626372298226e-07,
      "rank_truth": 180931,
      "top1_id": 59062,
      "top1_token": "feit",
      "top1_prob": 0.002474925946444273
    },
    "18": {
      "p_truth": 1.5275680880222353e-06,
      "rank_truth": 90430,
      "top1_id": 59062,
      "top1_token": "feit",
      "top1_prob": 0.007925750687718391
    },
    "19": {
      "p_truth": 3.375756250534323e-06,
      "rank_truth": 55153,
      "top1_id": 35195,
      "top1_token": " sums",
      "top1_prob": 0.006244471296668053
    },
    "20": {
      "p_truth": 3.2700711471989052e-06,
      "rank_truth": 59155,
      "top1_id": 2133,
      "top1_token": "ference",
      "top1_prob": 0.0016810481902211905
    },
    "21": {
      "p_truth": 1.3435513210424688e-05,
      "rank_truth": 13843,
      "top1_id": 13770,
      "top1_token": " elig",
      "top1_prob": 0.003899752162396908
    },
    "22": {
      "p_truth": 1.3456374290399253e-06,
      "rank_truth": 109943,
      "top1_id": 21112,
      "top1_token": "()}",
      "top1_prob": 0.001831674249842763
    },
    "23": {
      "p_truth": 1.5617050621585804e-06,
      "rank_truth": 109846,
      "top1_id": 23,
      "top1_token": "8",
      "top1_prob": 0.03425287455320358
    },
    "24": {
      "p_truth": 1.1070208074670518e-06,
      "rank_truth": 139244,
      "top1_id": 216095,
      "top1_token": " \ub367\ubd99\uc600\ub2e4",
      "top1_prob": 0.009729120880365372
    },
    "25": {
      "p_truth": 8.296772193716606e-07,
      "rank_truth": 155656,
      "top1_id": 23,
      "top1_token": "8",
      "top1_prob": 0.009205534122884274
    },
    "26": {
      "p_truth": 5.295428763929522e-06,
      "rank_truth": 41594,
      "top1_id": 23,
      "top1_token": "8",
      "top1_prob": 0.017966311424970627
    },
    "27": {
      "p_truth": 7.428951676047291e-07,
      "rank_truth": 145245,
      "top1_id": 23,
      "top1_token": "8",
      "top1_prob": 0.053065225481987
    },
    "28": {
      "p_truth": 3.7346342196542537e-07,
      "rank_truth": 179763,
      "top1_id": 23,
      "top1_token": "8",
      "top1_prob": 0.02961404249072075
    },
    "29": {
      "p_truth": 5.9449590139593056e-08,
      "rank_truth": 112998,
      "top1_id": 23,
      "top1_token": "8",
      "top1_prob": 0.9219944477081299
    },
    "30": {
      "p_truth": 3.6976850026348984e-08,
      "rank_truth": 471,
      "top1_id": 23,
      "top1_token": "8",
      "top1_prob": 0.999273955821991
    },
    "31": {
      "p_truth": 0.0010056091705337167,
      "rank_truth": 7,
      "top1_id": 23,
      "top1_token": "8",
      "top1_prob": 0.9836995601654053
    }
  },
  "digit_top1_count": 0,
  "final3_agreement": 0
}