{
  "label": "p09_forced",
  "truth_digit": "2",
  "prefix_chars": 12000,
  "total_prompt_tokens": 3920,
  "per_layer": {
    "0": {
      "p_truth": 5.24045219663094e-07,
      "rank_truth": 1467,
      "top1_id": 90,
      "top1_token": "{",
      "top1_prob": 0.9800348281860352
    },
    "1": {
      "p_truth": 2.942294941021828e-06,
      "rank_truth": 52907,
      "top1_id": 90,
      "top1_token": "{",
      "top1_prob": 0.3984265923500061
    },
    "2": {
      "p_truth": 3.2024977372202557e-06,
      "rank_truth": 66932,
      "top1_id": 90,
      "top1_token": "{",
      "top1_prob": 0.015907006338238716
    },
    "3": {
      "p_truth": 1.6589552842560806e-06,
      "rank_truth": 145827,
      "top1_id": 90,
      "top1_token": "{",
      "top1_prob": 0.0014109621988609433
    },
    "4": {
      "p_truth": 2.2484705368697178e-06,
      "rank_truth": 110877,
      "top1_id": 37052,
      "top1_token": "theses",
      "top1_prob": 0.0006314841448329389
    },
    "5": {
      "p_truth": 9.68039057624992e-06,
      "rank_truth": 22787,
      "top1_id": 254,
      "top1_token": "\ufffd",
      "top1_prob": 0.0015623754588887095
    },
    "6": {
      "p_truth": 4.728143721877132e-06,
      "rank_truth": 51401,
      "top1_id": 96397,
      "top1_token": "\u7387",
      "top1_prob": 0.0009648241684772074
    },
    "7": {
      "p_truth": 1.274551686947234e-05,
      "rank_truth": 15249,
      "top1_id": 254,
      "top1_token": "\ufffd",
      "top1_prob": 0.003985852934420109
    },
    "8": {
      "p_truth": 4.978591732651694e-06,
      "rank_truth": 45817,
      "top1_id": 254,
      "top1_token": "\ufffd",
      "top1_prob": 0.0019838442094624043
    },
    "9": {
      "p_truth": 2.0112898710067384e-05,
      "rank_truth": 7924,
      "top1_id": 220,
      "top1_token": " ",
      "top1_prob": 0.0030976547859609127
    },
    "10": {
      "p_truth": 1.434478417650098e-05,
      "rank_truth": 12761,
      "top1_id": 220,
      "top1_token": " ",
      "top1_prob": 0.004488691687583923
    },
    "11": {
      "p_truth": 1.4050619029148947e-05,
      "rank_truth": 13296,
      "top1_id": 95942,
      "top1_token": "\u4fe1",
      "top1_prob": 0.00356471654959023
    },
    "12": {
      "p_truth": 6.073878012102796e-06,
      "rank_truth": 35549,
      "top1_id": 18356,
      "top1_token": " probability",
      "top1_prob": 0.0017912142211571336
    },
    "13": {
      "p_truth": 5.742257940255513e-07,
      "rank_truth": 177016,
      "top1_id": 99400,
      "top1_token": "\u5e06",
      "top1_prob": 0.0012778786476701498
    },
    "14": {
      "p_truth": 2.2872832232678775e-06,
      "rank_truth": 82859,
      "top1_id": 59467,
      "top1_token": " compositions",
      "top1_prob": 0.001987961819395423
    },
    "15": {
      "p_truth": 8.410259511038021e-07,
      "rank_truth": 141106,
      "top1_id": 99400,
      "top1_token": "\u5e06",
      "top1_prob": 0.004148423206061125
    },
    "16": {
      "p_truth": 5.998074357194128e-07,
      "rank_truth": 153961,
      "top1_id": 99400,
      "top1_token": "\u5e06",
      "top1_prob": 0.005205441266298294
    },
    "17": {
      "p_truth": 7.04210435742425e-07,
      "rank_truth": 150790,
      "top1_id": 99400,
      "top1_token": "\u5e06",
      "top1_prob": 0.010950894095003605
    },
    "18": {
      "p_truth": 9.258293971470266e-07,
      "rank_truth": 124494,
      "top1_id": 59062,
      "top1_token": "feit",
      "top1_prob": 0.0045343004167079926
    },
    "19": {
      "p_truth": 1.1984353704974637e-06,
      "rank_truth": 73180,
      "top1_id": 46608,
      "top1_token": " probabilities",
      "top1_prob": 0.16916461288928986
    },
    "20": {
      "p_truth": 9.492884487372066e-07,
      "rank_truth": 109634,
      "top1_id": 46608,
      "top1_token": " probabilities",
      "top1_prob": 0.062303055077791214
    },
    "21": {
      "p_truth": 3.9725841816107277e-07,
      "rank_truth": 165323,
      "top1_id": 120149,
      "top1_token": "\u7684\u6982\u7387",
      "top1_prob": 0.013114326633512974
    },
    "22": {
      "p_truth": 6.04646430701905e-08,
      "rank_truth": 229529,
      "top1_id": 194805,
      "top1_token": " .**",
      "top1_prob": 0.011080472730100155
    },
    "23": {
      "p_truth": 1.459484053611959e-07,
      "rank_truth": 208454,
      "top1_id": 64602,
      "top1_token": "iete",
      "top1_prob": 0.003795308992266655
    },
    "24": {
      "p_truth": 1.8232624654501706e-07,
      "rank_truth": 205207,
      "top1_id": 43910,
      "top1_token": "NONE",
      "top1_prob": 0.0028603009413927794
    },
    "25": {
      "p_truth": 1.2574322454383946e-06,
      "rank_truth": 108771,
      "top1_id": 3441,
      "top1_token": "swer",
      "top1_prob": 0.004014360252767801
    },
    "26": {
      "p_truth": 1.6909697251321631e-06,
      "rank_truth": 88892,
      "top1_id": 35790,
      "top1_token": "frac",
      "top1_prob": 0.02153010480105877
    },
    "27": {
      "p_truth": 9.355892416351708e-07,
      "rank_truth": 121423,
      "top1_id": 194805,
      "top1_token": " .**",
      "top1_prob": 0.01173628494143486
    },
    "28": {
      "p_truth": 2.2069022520554427e-07,
      "rank_truth": 185352,
      "top1_id": 222825,
      "top1_token": "!\u201d.",
      "top1_prob": 0.04027870297431946
    },
    "29": {
      "p_truth": 8.285510944006091e-07,
      "rank_truth": 108724,
      "top1_id": 194805,
      "top1_token": " .**",
      "top1_prob": 0.03526691347360611
    },
    "30": {
      "p_truth": 0.0008058084640651941,
      "rank_truth": 34,
      "top1_id": 16414,
      "top1_token": " }.",
      "top1_prob": 0.10047537833452225
    },
    "31": {
      "p_truth": 0.08381781727075577,
      "rank_truth": 3,
      "top1_id": 16,
      "top1_token": "1",
      "top1_prob": 0.5041890740394592
    }
  },
  "digit_top1_count": 0,
  "final3_agreement": 0
}