{
  "label": "p05_native_bf16_AMD",
  "model_id": "Qwen/Qwen3.5-4B",
  "n_boxed_emissions": 1,
  "commits_analyzed": 1,
  "results": [
    {
      "commit_idx": 0,
      "char_pos": 33696,
      "n_tokens": 14280,
      "context_before_50": " to find $m + n$.\n$m + n = 29 + 36 = 65$.\n\n\\boxed{",
      "context_after_30": "65}",
      "per_layer": {
        "0": {
          "p_truth": 1.6787733175152708e-36,
          "rank_truth": 50,
          "top1_id": 90,
          "top1_token": "{",
          "top1_prob": 1.0
        },
        "1": {
          "p_truth": 4.0844395243766485e-07,
          "rank_truth": 84888,
          "top1_id": 90,
          "top1_token": "{",
          "top1_prob": 0.8825201392173767
        },
        "2": {
          "p_truth": 3.3881062790896976e-06,
          "rank_truth": 76566,
          "top1_id": 90,
          "top1_token": "{",
          "top1_prob": 0.09964145720005035
        },
        "3": {
          "p_truth": 2.023911292781122e-06,
          "rank_truth": 86682,
          "top1_id": 90,
          "top1_token": "{",
          "top1_prob": 0.00710537051782012
        },
        "4": {
          "p_truth": 1.8710128415477811e-06,
          "rank_truth": 116959,
          "top1_id": 90,
          "top1_token": "{",
          "top1_prob": 0.003878480289131403
        },
        "5": {
          "p_truth": 1.7380458530169562e-06,
          "rank_truth": 117272,
          "top1_id": 96397,
          "top1_token": "\u7387",
          "top1_prob": 0.000630991708021611
        },
        "6": {
          "p_truth": 8.798897397355177e-06,
          "rank_truth": 25027,
          "top1_id": 96397,
          "top1_token": "\u7387",
          "top1_prob": 0.001945090596564114
        },
        "7": {
          "p_truth": 9.647702427173499e-06,
          "rank_truth": 21747,
          "top1_id": 96397,
          "top1_token": "\u7387",
          "top1_prob": 0.0026438753120601177
        },
        "8": {
          "p_truth": 2.0038901311636437e-06,
          "rank_truth": 116048,
          "top1_id": 96215,
          "top1_token": "\u4f9b",
          "top1_prob": 0.0021051070652902126
        },
        "9": {
          "p_truth": 1.1223118008274469e-06,
          "rank_truth": 159493,
          "top1_id": 55031,
          "top1_token": "rive",
          "top1_prob": 0.0013623320264741778
        },
        "10": {
          "p_truth": 5.383803340919258e-07,
          "rank_truth": 203343,
          "top1_id": 102646,
          "top1_token": "\u6559\u79d1",
          "top1_prob": 0.0013943519443273544
        },
        "11": {
          "p_truth": 1.6638587112538517e-06,
          "rank_truth": 114211,
          "top1_id": 17697,
          "top1_token": " representative",
          "top1_prob": 0.0015245459508150816
        },
        "12": {
          "p_truth": 2.466176056259428e-06,
          "rank_truth": 90484,
          "top1_id": 154128,
          "top1_token": "\u062f\u064a\u0629",
          "top1_prob": 0.0012775108916684985
        },
        "13": {
          "p_truth": 8.528511443728348e-07,
          "rank_truth": 159741,
          "top1_id": 154128,
          "top1_token": "\u062f\u064a\u0629",
          "top1_prob": 0.0015359793324023485
        },
        "14": {
          "p_truth": 8.266739541795687e-07,
          "rank_truth": 169654,
          "top1_id": 154128,
          "top1_token": "\u062f\u064a\u0629",
          "top1_prob": 0.0013986305566504598
        },
        "15": {
          "p_truth": 1.938746663654456e-06,
          "rank_truth": 93955,
          "top1_id": 102646,
          "top1_token": "\u6559\u79d1",
          "top1_prob": 0.006113128736615181
        },
        "16": {
          "p_truth": 4.812788120034384e-06,
          "rank_truth": 51610,
          "top1_id": 102646,
          "top1_token": "\u6559\u79d1",
          "top1_prob": 0.0012341671390458941
        },
        "17": {
          "p_truth": 7.416342100441398e-07,
          "rank_truth": 169643,
          "top1_id": 194125,
          "top1_token": "evoli",
          "top1_prob": 0.0009215903701260686
        },
        "18": {
          "p_truth": 8.004051892385178e-07,
          "rank_truth": 168676,
          "top1_id": 96397,
          "top1_token": "\u7387",
          "top1_prob": 0.0015525829512625933
        },
        "19": {
          "p_truth": 5.037953997089062e-06,
          "rank_truth": 41585,
          "top1_id": 149946,
          "top1_token": "ayaan",
          "top1_prob": 0.002000945620238781
        },
        "20": {
          "p_truth": 5.197582140681334e-05,
          "rank_truth": 1750,
          "top1_id": 168162,
          "top1_token": "\u0645\u0627\u063a",
          "top1_prob": 0.0020439790096133947
        },
        "21": {
          "p_truth": 0.00018448010087013245,
          "rank_truth": 167,
          "top1_id": 50225,
          "top1_token": "amu",
          "top1_prob": 0.0018631829880177975
        },
        "22": {
          "p_truth": 0.00016938589396886528,
          "rank_truth": 213,
          "top1_id": 71758,
          "top1_token": "ahkan",
          "top1_prob": 0.0020000538788735867
        },
        "23": {
          "p_truth": 3.3476604585302994e-05,
          "rank_truth": 3709,
          "top1_id": 21112,
          "top1_token": "()}",
          "top1_prob": 0.0024595207069069147
        },
        "24": {
          "p_truth": 0.011912408284842968,
          "rank_truth": 0,
          "top1_id": 21,
          "top1_token": "6",
          "top1_prob": 0.011912408284842968
        },
        "25": {
          "p_truth": 0.0066554611548781395,
          "rank_truth": 0,
          "top1_id": 21,
          "top1_token": "6",
          "top1_prob": 0.0066554611548781395
        },
        "26": {
          "p_truth": 0.002109619090333581,
          "rank_truth": 3,
          "top1_id": 220929,
          "top1_token": "\u0645\u0627\u0626\u0629",
          "top1_prob": 0.0031669132877141237
        },
        "27": {
          "p_truth": 0.008977380581200123,
          "rank_truth": 0,
          "top1_id": 21,
          "top1_token": "6",
          "top1_prob": 0.008977380581200123
        },
        "28": {
          "p_truth": 0.032237857580184937,
          "rank_truth": 0,
          "top1_id": 21,
          "top1_token": "6",
          "top1_prob": 0.032237857580184937
        },
        "29": {
          "p_truth": 0.0438358448445797,
          "rank_truth": 1,
          "top1_id": 50614,
          "top1_token": " sixty",
          "top1_prob": 0.06789427995681763
        },
        "30": {
          "p_truth": 0.6142054200172424,
          "rank_truth": 0,
          "top1_id": 21,
          "top1_token": "6",
          "top1_prob": 0.6142054200172424
        },
        "31": {
          "p_truth": 0.9986888766288757,
          "rank_truth": 0,
          "top1_id": 21,
          "top1_token": "6",
          "top1_prob": 0.9986888766288757
        },
        "32": {
          "p_truth": 0.999982476234436,
          "rank_truth": 0,
          "top1_id": 21,
          "top1_token": "6",
          "top1_prob": 0.999982476234436
        }
      }
    }
  ]
}