{
  "mlx_top": [
    [
      17,
      "2",
      26.625
    ],
    [
      15,
      "0",
      19.0
    ],
    [
      18,
      "3",
      18.875
    ],
    [
      16,
      "1",
      18.625
    ],
    [
      22,
      "7",
      18.0
    ]
  ],
  "hf_top": [
    [
      17,
      "2",
      26.625
    ],
    [
      15,
      "0",
      19.0
    ],
    [
      18,
      "3",
      18.875
    ],
    [
      16,
      "1",
      18.625
    ],
    [
      21,
      "6",
      18.0
    ]
  ],
  "per_layer_cosine": [
    [
      0,
      0.99999817701683,
      2.256585653718245,
      2.2564910118323462
    ],
    [
      1,
      0.9999889813845512,
      2.639449322944378,
      2.639268775926085
    ],
    [
      2,
      0.9999810574054946,
      2.7010661400793308,
      2.7005607125152835
    ],
    [
      3,
      0.9999599599881096,
      3.9222660456834024,
      3.912161472550701
    ],
    [
      4,
      0.9999652774274659,
      4.432177963621871,
      4.434987806212188
    ],
    [
      5,
      0.9999589537314437,
      4.937565672700027,
      4.9337914647442735
    ],
    [
      6,
      0.9999414683928641,
      5.139707700077271,
      5.117185384882106
    ],
    [
      7,
      0.9999151510158082,
      6.03314924847993,
      6.014845439937086
    ],
    [
      8,
      0.9999104115313703,
      5.677544626542575,
      5.678415034954851
    ],
    [
      9,
      0.9999069338663363,
      6.298725135320726,
      6.296711835199642
    ],
    [
      10,
      0.9998906458306881,
      6.844756072713872,
      6.839335393431918
    ],
    [
      11,
      0.9998883989913548,
      7.874604047732764,
      7.853926179712365
    ],
    [
      12,
      0.9999056460850769,
      8.146246160904099,
      8.146635543112591
    ],
    [
      13,
      0.9998981240836758,
      8.10422604840654,
      8.078401199801066
    ],
    [
      14,
      0.9998904389147912,
      7.909919060624975,
      7.9035917818580135
    ],
    [
      15,
      0.999897440971757,
      9.963662448962275,
      9.937141738758617
    ],
    [
      16,
      0.9998998656049419,
      10.646655116611349,
      10.628212725590705
    ],
    [
      17,
      0.9999195864436147,
      11.552168371734993,
      11.54957843508353
    ],
    [
      18,
      0.9999047919551973,
      11.704310103354127,
      11.713867084708696
    ],
    [
      19,
      0.9999205706137455,
      15.442224024374692,
      15.460731625933139
    ],
    [
      20,
      0.9999271239118249,
      16.653399531424828,
      16.669112471685132
    ],
    [
      21,
      0.9999226732176661,
      18.681065457807872,
      18.69656888897341
    ],
    [
      22,
      0.9999281970688753,
      20.552607122252258,
      20.54090635179235
    ],
    [
      23,
      0.9999324365790626,
      22.535326578958433,
      22.5263875034021
    ],
    [
      24,
      0.999930139778979,
      23.425417642286465,
      23.407566472352798
    ],
    [
      25,
      0.999930393958469,
      24.94594706780459,
      24.95824587630394
    ],
    [
      26,
      0.9999371463380394,
      29.304787742748516,
      29.367840648077042
    ],
    [
      27,
      0.9999387180896286,
      33.123111370853216,
      33.16894360777728
    ],
    [
      28,
      0.9999439038614826,
      38.64953579730343,
      38.69851936059899
    ],
    [
      29,
      0.9999470804710228,
      45.36111208311974,
      45.42641513450096
    ],
    [
      30,
      0.99992407112316,
      45.944534705646674,
      45.97002072283022
    ],
    [
      31,
      0.863551305681363,
      66.19427428978439,
      119.370753813546
    ]
  ],
  "diverge_layer": 31
}